{
  "full_sac": {
    "avg_makespan": 31.81950543133604,
    "worst_makespan": 39.27593487608449,
    "per_seed": [
      23.40406611446224,
      39.27593487608449,
      35.54868457815236,
      31.99360951025288,
      28.875232077728235
    ]
  },
  "pref_3stage_parallel": {
    "avg_makespan": 33.39544574122497,
    "worst_makespan": 50.229997823945624,
    "per_seed": [
      21.127293822434876,
      50.229997823945624,
      33.86924405839661,
      32.774563173264355,
      28.976129828083362
    ]
  }
}